Changes made at Sat Aug  9 05:58:18 UTC 2025
Changes made at Sat Aug  9 06:00:13 UTC 2025
Changes made at Sat Aug  9 06:01:25 UTC 2025
Changes made at Sat Aug  9 06:10:34 UTC 2025
Changes made at Sat Aug  9 08:14:07 UTC 2025
Changes made at Sat Aug  9 08:15:15 UTC 2025
Changes made at Sat Aug  9 10:11:03 UTC 2025
Changes made at Sat Aug  9 14:10:13 UTC 2025
Changes made at Sat Aug  9 16:12:55 UTC 2025
Changes made at Sun Aug 10 08:14:16 UTC 2025
Changes made at Sun Aug 10 10:11:42 UTC 2025
Changes made at Sun Aug 10 14:10:09 UTC 2025
Changes made at Sun Aug 10 16:13:05 UTC 2025
Changes made at Mon Aug 11 08:18:02 UTC 2025
Changes made at Mon Aug 11 10:13:28 UTC 2025
Changes made at Mon Aug 11 14:14:02 UTC 2025
Changes made at Mon Aug 11 16:14:48 UTC 2025
Changes made at Tue Aug 12 08:16:11 UTC 2025
Changes made at Tue Aug 12 10:12:54 UTC 2025
Changes made at Tue Aug 12 14:12:10 UTC 2025
Changes made at Tue Aug 12 16:14:22 UTC 2025
Changes made at Wed Aug 13 08:15:53 UTC 2025
Changes made at Wed Aug 13 10:12:40 UTC 2025
Changes made at Wed Aug 13 14:12:39 UTC 2025
Changes made at Wed Aug 13 16:11:15 UTC 2025
Changes made at Thu Aug 14 08:16:19 UTC 2025
Changes made at Thu Aug 14 10:12:55 UTC 2025
Changes made at Thu Aug 14 14:11:48 UTC 2025
Changes made at Thu Aug 14 16:14:54 UTC 2025
Changes made at Fri Aug 15 08:15:49 UTC 2025
Changes made at Fri Aug 15 10:12:10 UTC 2025
Changes made at Fri Aug 15 14:11:20 UTC 2025
Changes made at Fri Aug 15 16:13:34 UTC 2025
Changes made at Sat Aug 16 08:13:58 UTC 2025
Changes made at Sat Aug 16 10:10:37 UTC 2025
Changes made at Sat Aug 16 14:09:18 UTC 2025
Changes made at Sat Aug 16 16:12:01 UTC 2025
Changes made at Sun Aug 17 07:54:27 UTC 2025
Changes made at Sun Aug 17 07:58:04 UTC 2025
Changes made at Sun Aug 17 08:08:37 UTC 2025
Changes made at Sun Aug 17 08:14:27 UTC 2025
Changes made at Sun Aug 17 08:16:29 UTC 2025
Changes made at Sun Aug 17 08:17:10 UTC 2025
Changes made at Sun Aug 17 10:11:08 UTC 2025
Changes made at Sun Aug 17 11:01:39 UTC 2025
Changes made at Sun Aug 17 11:04:34 UTC 2025
Changes made at Sun Aug 17 20:38:06 UTC 2025
Changes made at Sun Aug 17 22:39:52 UTC 2025
Changes made at Mon Aug 18 05:47:52 UTC 2025
Changes made at Mon Aug 18 09:47:00 UTC 2025
Changes made at Mon Aug 18 20:36:15 UTC 2025
Changes made at Mon Aug 18 22:35:38 UTC 2025
Changes made at Tue Aug 19 05:38:28 UTC 2025
Changes made at Tue Aug 19 09:37:39 UTC 2025
Changes made at Tue Aug 19 20:32:53 UTC 2025
Changes made at Tue Aug 19 22:37:28 UTC 2025
Changes made at Wed Aug 20 05:39:25 UTC 2025
Changes made at Wed Aug 20 09:38:50 UTC 2025
Changes made at Wed Aug 20 20:38:58 UTC 2025
Changes made at Wed Aug 20 22:35:12 UTC 2025
Changes made at Thu Aug 21 05:39:42 UTC 2025
Changes made at Thu Aug 21 09:38:17 UTC 2025
Changes made at Thu Aug 21 20:37:24 UTC 2025
Changes made at Thu Aug 21 22:37:53 UTC 2025
Changes made at Fri Aug 22 05:38:03 UTC 2025
Changes made at Fri Aug 22 09:36:56 UTC 2025
Changes made at Fri Aug 22 20:37:27 UTC 2025
Changes made at Fri Aug 22 22:35:53 UTC 2025
Changes made at Sat Aug 23 05:33:18 UTC 2025
Changes made at Sat Aug 23 09:32:21 UTC 2025
Changes made at Sat Aug 23 20:32:33 UTC 2025
Changes made at Sat Aug 23 22:34:16 UTC 2025
Changes made at Sun Aug 24 05:37:05 UTC 2025
Changes made at Sun Aug 24 09:30:44 UTC 2025
Changes made at Sun Aug 24 20:33:56 UTC 2025
Changes made at Sun Aug 24 22:36:48 UTC 2025
Changes made at Mon Aug 25 05:41:25 UTC 2025
Changes made at Mon Aug 25 09:39:25 UTC 2025
Changes made at Mon Aug 25 20:37:09 UTC 2025
Changes made at Mon Aug 25 22:37:48 UTC 2025
Changes made at Tue Aug 26 05:39:18 UTC 2025
Changes made at Tue Aug 26 09:39:03 UTC 2025
Changes made at Tue Aug 26 20:34:43 UTC 2025
Changes made at Tue Aug 26 22:34:58 UTC 2025
Changes made at Wed Aug 27 05:34:58 UTC 2025
Changes made at Wed Aug 27 09:34:47 UTC 2025
Changes made at Wed Aug 27 20:35:06 UTC 2025
Changes made at Wed Aug 27 22:33:37 UTC 2025
Changes made at Thu Aug 28 05:36:05 UTC 2025
Changes made at Thu Aug 28 09:33:58 UTC 2025
Changes made at Thu Aug 28 20:33:53 UTC 2025
Changes made at Thu Aug 28 22:33:00 UTC 2025
Changes made at Fri Aug 29 05:33:47 UTC 2025
Changes made at Fri Aug 29 09:33:37 UTC 2025
Changes made at Fri Aug 29 20:32:37 UTC 2025
Changes made at Fri Aug 29 22:32:56 UTC 2025
Changes made at Sat Aug 30 05:31:44 UTC 2025
Changes made at Sat Aug 30 09:28:13 UTC 2025
Changes made at Sat Aug 30 20:31:05 UTC 2025
Changes made at Sat Aug 30 22:32:09 UTC 2025
Changes made at Sun Aug 31 05:32:34 UTC 2025
Changes made at Sun Aug 31 09:27:59 UTC 2025
Changes made at Sun Aug 31 20:32:17 UTC 2025
Changes made at Sun Aug 31 22:33:11 UTC 2025
Changes made at Mon Sep  1 05:38:38 UTC 2025
Changes made at Mon Sep  1 09:39:33 UTC 2025
Changes made at Mon Sep  1 20:32:03 UTC 2025
Changes made at Mon Sep  1 22:33:33 UTC 2025
Changes made at Tue Sep  2 05:38:32 UTC 2025
Changes made at Tue Sep  2 09:35:14 UTC 2025
Changes made at Tue Sep  2 20:28:52 UTC 2025
Changes made at Tue Sep  2 22:30:44 UTC 2025
Changes made at Wed Sep  3 05:32:22 UTC 2025
Changes made at Wed Sep  3 09:31:53 UTC 2025
Changes made at Wed Sep  3 20:32:52 UTC 2025
Changes made at Wed Sep  3 22:32:09 UTC 2025
Changes made at Thu Sep  4 05:32:35 UTC 2025
Changes made at Thu Sep  4 09:32:24 UTC 2025
Changes made at Thu Sep  4 20:32:07 UTC 2025
Changes made at Thu Sep  4 22:32:35 UTC 2025
Changes made at Fri Sep  5 05:32:52 UTC 2025
Changes made at Fri Sep  5 09:32:07 UTC 2025
Changes made at Fri Sep  5 20:32:55 UTC 2025
Changes made at Fri Sep  5 22:32:28 UTC 2025
Changes made at Sat Sep  6 05:31:01 UTC 2025
Changes made at Sat Sep  6 09:26:52 UTC 2025
Changes made at Sat Sep  6 20:28:49 UTC 2025
Changes made at Sat Sep  6 22:29:55 UTC 2025
Changes made at Sun Sep  7 05:30:35 UTC 2025
Changes made at Sun Sep  7 09:27:05 UTC 2025
Changes made at Sun Sep  7 20:30:02 UTC 2025
Changes made at Sun Sep  7 22:31:16 UTC 2025
Changes made at Mon Sep  8 05:33:41 UTC 2025
Changes made at Mon Sep  8 09:37:42 UTC 2025
Changes made at Mon Sep  8 20:33:52 UTC 2025
Changes made at Mon Sep  8 22:32:54 UTC 2025
Changes made at Tue Sep  9 05:32:58 UTC 2025
Changes made at Tue Sep  9 09:35:24 UTC 2025
Changes made at Tue Sep  9 20:32:49 UTC 2025
Changes made at Tue Sep  9 22:31:24 UTC 2025
Changes made at Wed Sep 10 05:32:43 UTC 2025
Changes made at Wed Sep 10 09:32:29 UTC 2025
Changes made at Wed Sep 10 20:32:26 UTC 2025
Changes made at Wed Sep 10 22:32:22 UTC 2025
Changes made at Thu Sep 11 05:32:53 UTC 2025
Changes made at Thu Sep 11 09:31:25 UTC 2025
Changes made at Thu Sep 11 20:29:16 UTC 2025
Changes made at Thu Sep 11 22:31:45 UTC 2025
Changes made at Fri Sep 12 05:32:24 UTC 2025
Changes made at Fri Sep 12 09:31:09 UTC 2025
Changes made at Fri Sep 12 20:31:20 UTC 2025
Changes made at Fri Sep 12 22:30:58 UTC 2025
Changes made at Sat Sep 13 05:30:36 UTC 2025
Changes made at Sat Sep 13 09:26:43 UTC 2025
Changes made at Sat Sep 13 20:28:49 UTC 2025
Changes made at Sat Sep 13 22:29:13 UTC 2025
Changes made at Sun Sep 14 05:30:24 UTC 2025
Changes made at Sun Sep 14 09:27:59 UTC 2025
Changes made at Sun Sep 14 20:29:09 UTC 2025
Changes made at Sun Sep 14 22:29:49 UTC 2025
Changes made at Mon Sep 15 05:35:22 UTC 2025
Changes made at Mon Sep 15 09:37:22 UTC 2025
Changes made at Mon Sep 15 20:32:08 UTC 2025
Changes made at Mon Sep 15 22:31:52 UTC 2025
Changes made at Tue Sep 16 05:33:14 UTC 2025
Changes made at Tue Sep 16 09:34:41 UTC 2025
Changes made at Tue Sep 16 20:32:52 UTC 2025
Changes made at Tue Sep 16 22:12:29 UTC 2025
Changes made at Wed Sep 17 05:13:55 UTC 2025
Changes made at Wed Sep 17 09:15:30 UTC 2025
Changes made at Wed Sep 17 20:14:57 UTC 2025
Changes made at Wed Sep 17 22:12:20 UTC 2025
Changes made at Thu Sep 18 05:13:26 UTC 2025
Changes made at Thu Sep 18 09:15:29 UTC 2025
Changes made at Thu Sep 18 20:15:25 UTC 2025
Changes made at Thu Sep 18 22:11:57 UTC 2025
Changes made at Fri Sep 19 05:13:38 UTC 2025
Changes made at Fri Sep 19 09:15:54 UTC 2025
Changes made at Fri Sep 19 20:15:07 UTC 2025
Changes made at Fri Sep 19 22:12:46 UTC 2025
Changes made at Sat Sep 20 05:13:22 UTC 2025
Changes made at Sat Sep 20 09:13:25 UTC 2025
Changes made at Sat Sep 20 20:13:33 UTC 2025
Changes made at Sat Sep 20 22:11:52 UTC 2025
Changes made at Sun Sep 21 05:13:31 UTC 2025
Changes made at Sun Sep 21 09:12:58 UTC 2025
Changes made at Sun Sep 21 20:14:30 UTC 2025
Changes made at Sun Sep 21 22:12:33 UTC 2025
Changes made at Mon Sep 22 05:14:27 UTC 2025
Changes made at Mon Sep 22 09:17:38 UTC 2025
Changes made at Mon Sep 22 20:15:17 UTC 2025
Changes made at Mon Sep 22 22:13:05 UTC 2025
Changes made at Tue Sep 23 05:13:51 UTC 2025
Changes made at Tue Sep 23 09:15:44 UTC 2025
Changes made at Tue Sep 23 20:15:20 UTC 2025
Changes made at Tue Sep 23 22:12:57 UTC 2025
Changes made at Wed Sep 24 05:13:50 UTC 2025
Changes made at Wed Sep 24 09:15:42 UTC 2025
Changes made at Wed Sep 24 20:15:56 UTC 2025
Changes made at Wed Sep 24 22:13:23 UTC 2025
Changes made at Thu Sep 25 05:14:04 UTC 2025
Changes made at Thu Sep 25 09:15:08 UTC 2025
Changes made at Thu Sep 25 20:15:56 UTC 2025
Changes made at Thu Sep 25 22:11:33 UTC 2025
Changes made at Fri Sep 26 05:13:57 UTC 2025
Changes made at Fri Sep 26 09:15:49 UTC 2025
Changes made at Fri Sep 26 20:14:56 UTC 2025
Changes made at Fri Sep 26 22:12:59 UTC 2025
Changes made at Sat Sep 27 05:13:29 UTC 2025
Changes made at Sat Sep 27 09:12:27 UTC 2025
Changes made at Sat Sep 27 20:14:17 UTC 2025
Changes made at Sat Sep 27 22:12:04 UTC 2025
Changes made at Sun Sep 28 05:13:24 UTC 2025
Changes made at Sun Sep 28 09:13:07 UTC 2025
Changes made at Sun Sep 28 20:14:08 UTC 2025
Changes made at Sun Sep 28 22:12:15 UTC 2025
Changes made at Mon Sep 29 05:15:09 UTC 2025
Changes made at Mon Sep 29 09:17:19 UTC 2025
Changes made at Mon Sep 29 20:14:45 UTC 2025
Changes made at Mon Sep 29 22:12:30 UTC 2025
Changes made at Tue Sep 30 05:14:11 UTC 2025
Changes made at Tue Sep 30 09:16:05 UTC 2025
Changes made at Tue Sep 30 20:15:28 UTC 2025
Changes made at Tue Sep 30 22:13:07 UTC 2025
Changes made at Wed Oct  1 05:14:14 UTC 2025
Changes made at Wed Oct  1 09:16:06 UTC 2025
Changes made at Wed Oct  1 20:16:41 UTC 2025
Changes made at Wed Oct  1 22:13:15 UTC 2025
Changes made at Thu Oct  2 05:13:12 UTC 2025
Changes made at Thu Oct  2 09:14:59 UTC 2025
Changes made at Thu Oct  2 20:15:18 UTC 2025
Changes made at Thu Oct  2 22:13:10 UTC 2025
Changes made at Fri Oct  3 05:13:28 UTC 2025
Changes made at Fri Oct  3 09:14:33 UTC 2025
Changes made at Fri Oct  3 20:14:49 UTC 2025
Changes made at Fri Oct  3 22:12:32 UTC 2025
Changes made at Sat Oct  4 05:12:56 UTC 2025
Changes made at Sat Oct  4 09:12:58 UTC 2025
Changes made at Sat Oct  4 20:13:54 UTC 2025
Changes made at Sat Oct  4 22:11:46 UTC 2025
Changes made at Sun Oct  5 05:12:56 UTC 2025
Changes made at Sun Oct  5 09:12:38 UTC 2025
Changes made at Sun Oct  5 20:14:00 UTC 2025
Changes made at Sun Oct  5 22:12:21 UTC 2025
Changes made at Mon Oct  6 05:14:20 UTC 2025
Changes made at Mon Oct  6 09:18:03 UTC 2025
Changes made at Mon Oct  6 20:15:53 UTC 2025
Changes made at Mon Oct  6 22:12:51 UTC 2025
Changes made at Tue Oct  7 05:13:46 UTC 2025
Changes made at Tue Oct  7 09:15:44 UTC 2025
Changes made at Tue Oct  7 20:15:15 UTC 2025
Changes made at Tue Oct  7 22:13:30 UTC 2025
Changes made at Wed Oct  8 05:13:55 UTC 2025
Changes made at Wed Oct  8 09:15:42 UTC 2025
Changes made at Wed Oct  8 20:15:49 UTC 2025
Changes made at Wed Oct  8 22:13:31 UTC 2025
Changes made at Thu Oct  9 05:14:49 UTC 2025
Changes made at Thu Oct  9 09:15:39 UTC 2025
Changes made at Thu Oct  9 20:16:06 UTC 2025
Changes made at Thu Oct  9 22:13:10 UTC 2025
Changes made at Fri Oct 10 05:14:04 UTC 2025
Changes made at Fri Oct 10 09:16:08 UTC 2025
Changes made at Fri Oct 10 20:15:00 UTC 2025
Changes made at Fri Oct 10 22:12:58 UTC 2025
Changes made at Sat Oct 11 05:12:58 UTC 2025
Changes made at Sat Oct 11 09:12:53 UTC 2025
Changes made at Sat Oct 11 20:13:34 UTC 2025
Changes made at Sat Oct 11 22:12:06 UTC 2025
Changes made at Sun Oct 12 05:13:06 UTC 2025
Changes made at Sun Oct 12 09:13:00 UTC 2025
Changes made at Sun Oct 12 20:14:24 UTC 2025
Changes made at Sun Oct 12 22:12:14 UTC 2025
Changes made at Mon Oct 13 05:15:03 UTC 2025
Changes made at Mon Oct 13 09:17:58 UTC 2025
Changes made at Mon Oct 13 20:16:21 UTC 2025
Changes made at Mon Oct 13 22:13:11 UTC 2025
Changes made at Tue Oct 14 05:14:16 UTC 2025
Changes made at Tue Oct 14 09:16:15 UTC 2025
Changes made at Tue Oct 14 20:15:53 UTC 2025
Changes made at Tue Oct 14 22:13:54 UTC 2025
Changes made at Wed Oct 15 05:14:28 UTC 2025
Changes made at Wed Oct 15 09:15:58 UTC 2025
Changes made at Wed Oct 15 20:16:55 UTC 2025
Changes made at Wed Oct 15 22:12:14 UTC 2025
Changes made at Thu Oct 16 05:14:41 UTC 2025
Changes made at Thu Oct 16 09:16:36 UTC 2025
Changes made at Thu Oct 16 20:16:17 UTC 2025
Changes made at Thu Oct 16 22:11:06 UTC 2025
Changes made at Fri Oct 17 05:13:53 UTC 2025
Changes made at Fri Oct 17 09:16:09 UTC 2025
Changes made at Fri Oct 17 20:16:18 UTC 2025
Changes made at Fri Oct 17 22:13:08 UTC 2025
Changes made at Sat Oct 18 05:13:23 UTC 2025
Changes made at Sat Oct 18 09:13:36 UTC 2025
Changes made at Sat Oct 18 20:14:16 UTC 2025
Changes made at Sat Oct 18 22:12:29 UTC 2025
Changes made at Sun Oct 19 05:13:50 UTC 2025
Changes made at Sun Oct 19 09:13:10 UTC 2025
Changes made at Sun Oct 19 20:14:48 UTC 2025
Changes made at Sun Oct 19 22:13:16 UTC 2025
Changes made at Mon Oct 20 05:15:18 UTC 2025
Changes made at Mon Oct 20 09:17:44 UTC 2025
Changes made at Mon Oct 20 20:16:39 UTC 2025
Changes made at Mon Oct 20 22:13:18 UTC 2025
Changes made at Tue Oct 21 05:14:42 UTC 2025
Changes made at Tue Oct 21 09:16:10 UTC 2025
Changes made at Tue Oct 21 20:16:57 UTC 2025
Changes made at Tue Oct 21 22:13:03 UTC 2025
Changes made at Wed Oct 22 05:15:02 UTC 2025
Changes made at Wed Oct 22 09:17:31 UTC 2025
Changes made at Wed Oct 22 20:17:44 UTC 2025
Changes made at Wed Oct 22 22:11:37 UTC 2025
Changes made at Thu Oct 23 05:14:52 UTC 2025
Changes made at Thu Oct 23 09:16:30 UTC 2025
Changes made at Thu Oct 23 20:16:01 UTC 2025
Changes made at Thu Oct 23 22:13:28 UTC 2025
Changes made at Fri Oct 24 05:14:37 UTC 2025
Changes made at Fri Oct 24 09:16:27 UTC 2025
Changes made at Fri Oct 24 20:16:11 UTC 2025
Changes made at Fri Oct 24 22:13:52 UTC 2025
Changes made at Sat Oct 25 05:13:32 UTC 2025
Changes made at Sat Oct 25 09:13:17 UTC 2025
Changes made at Sat Oct 25 20:14:48 UTC 2025
Changes made at Sat Oct 25 22:12:33 UTC 2025
Changes made at Sun Oct 26 05:13:52 UTC 2025
Changes made at Sun Oct 26 09:13:06 UTC 2025
Changes made at Sun Oct 26 20:15:09 UTC 2025
Changes made at Sun Oct 26 22:13:31 UTC 2025
Changes made at Mon Oct 27 05:15:52 UTC 2025
Changes made at Mon Oct 27 09:18:53 UTC 2025
Changes made at Mon Oct 27 20:13:44 UTC 2025
Changes made at Mon Oct 27 22:13:24 UTC 2025
Changes made at Tue Oct 28 05:15:27 UTC 2025
Changes made at Tue Oct 28 09:16:10 UTC 2025
Changes made at Tue Oct 28 20:17:18 UTC 2025
Changes made at Tue Oct 28 22:14:13 UTC 2025
Changes made at Wed Oct 29 05:15:30 UTC 2025
Changes made at Wed Oct 29 09:15:41 UTC 2025
Changes made at Wed Oct 29 20:16:50 UTC 2025
Changes made at Wed Oct 29 22:14:09 UTC 2025
Changes made at Thu Oct 30 05:14:39 UTC 2025
Changes made at Thu Oct 30 09:16:21 UTC 2025
Changes made at Thu Oct 30 20:16:08 UTC 2025
Changes made at Thu Oct 30 22:14:04 UTC 2025
Changes made at Fri Oct 31 05:15:37 UTC 2025
Changes made at Fri Oct 31 09:15:56 UTC 2025
Changes made at Fri Oct 31 20:16:44 UTC 2025
Changes made at Fri Oct 31 22:13:50 UTC 2025
Changes made at Sat Nov  1 05:13:29 UTC 2025
Changes made at Sat Nov  1 09:13:57 UTC 2025
Changes made at Sat Nov  1 20:13:44 UTC 2025
Changes made at Sat Nov  1 22:12:38 UTC 2025
Changes made at Sun Nov  2 05:14:03 UTC 2025
Changes made at Sun Nov  2 09:13:01 UTC 2025
Changes made at Sun Nov  2 20:14:15 UTC 2025
Changes made at Sun Nov  2 22:12:52 UTC 2025
Changes made at Mon Nov  3 05:15:45 UTC 2025
Changes made at Mon Nov  3 09:18:41 UTC 2025
Changes made at Mon Nov  3 20:17:15 UTC 2025
Changes made at Mon Nov  3 22:14:25 UTC 2025
Changes made at Tue Nov  4 05:15:05 UTC 2025
Changes made at Tue Nov  4 09:17:36 UTC 2025
Changes made at Tue Nov  4 20:17:22 UTC 2025
Changes made at Tue Nov  4 22:13:42 UTC 2025
Changes made at Wed Nov  5 05:15:25 UTC 2025
Changes made at Wed Nov  5 09:17:24 UTC 2025
Changes made at Wed Nov  5 20:16:59 UTC 2025
Changes made at Wed Nov  5 22:13:54 UTC 2025
Changes made at Thu Nov  6 05:15:14 UTC 2025
Changes made at Thu Nov  6 09:17:05 UTC 2025
Changes made at Thu Nov  6 20:16:39 UTC 2025
Changes made at Thu Nov  6 22:14:01 UTC 2025
Changes made at Fri Nov  7 05:14:59 UTC 2025
Changes made at Fri Nov  7 09:15:25 UTC 2025
Changes made at Fri Nov  7 20:14:58 UTC 2025
Changes made at Fri Nov  7 22:13:31 UTC 2025
Changes made at Sat Nov  8 05:13:40 UTC 2025
Changes made at Sat Nov  8 09:13:29 UTC 2025
Changes made at Sat Nov  8 20:14:24 UTC 2025
Changes made at Sat Nov  8 22:12:20 UTC 2025
Changes made at Sun Nov  9 05:13:46 UTC 2025
Changes made at Sun Nov  9 09:13:19 UTC 2025
Changes made at Sun Nov  9 20:15:02 UTC 2025
Changes made at Sun Nov  9 22:13:08 UTC 2025
Changes made at Mon Nov 10 05:16:22 UTC 2025
Changes made at Mon Nov 10 09:18:41 UTC 2025
Changes made at Mon Nov 10 20:17:50 UTC 2025
Changes made at Mon Nov 10 22:14:38 UTC 2025
Changes made at Tue Nov 11 05:15:37 UTC 2025
Changes made at Tue Nov 11 09:16:52 UTC 2025
Changes made at Tue Nov 11 20:16:19 UTC 2025
Changes made at Tue Nov 11 22:14:26 UTC 2025
Changes made at Wed Nov 12 05:15:54 UTC 2025
Changes made at Wed Nov 12 09:17:23 UTC 2025
Changes made at Wed Nov 12 20:17:08 UTC 2025
Changes made at Wed Nov 12 22:14:37 UTC 2025
Changes made at Thu Nov 13 05:15:18 UTC 2025
Changes made at Thu Nov 13 09:17:39 UTC 2025
Changes made at Thu Nov 13 20:17:46 UTC 2025
Changes made at Thu Nov 13 22:14:55 UTC 2025
Changes made at Fri Nov 14 05:15:05 UTC 2025
Changes made at Fri Nov 14 09:16:36 UTC 2025
Changes made at Fri Nov 14 20:17:15 UTC 2025
Changes made at Fri Nov 14 22:13:54 UTC 2025
Changes made at Sat Nov 15 05:14:17 UTC 2025
Changes made at Sat Nov 15 09:13:39 UTC 2025
Changes made at Sat Nov 15 20:14:52 UTC 2025
Changes made at Sat Nov 15 22:11:13 UTC 2025
Changes made at Sun Nov 16 05:14:13 UTC 2025
Changes made at Sun Nov 16 09:14:14 UTC 2025
Changes made at Sun Nov 16 20:15:33 UTC 2025
Changes made at Sun Nov 16 22:13:18 UTC 2025
Changes made at Mon Nov 17 05:15:56 UTC 2025
Changes made at Mon Nov 17 09:19:39 UTC 2025
Changes made at Mon Nov 17 20:17:29 UTC 2025
Changes made at Mon Nov 17 22:14:12 UTC 2025
Changes made at Tue Nov 18 05:15:12 UTC 2025
Changes made at Tue Nov 18 09:17:27 UTC 2025
Changes made at Tue Nov 18 20:17:59 UTC 2025
Changes made at Tue Nov 18 22:14:38 UTC 2025
Changes made at Wed Nov 19 05:15:52 UTC 2025
Changes made at Wed Nov 19 09:17:39 UTC 2025
Changes made at Wed Nov 19 20:14:55 UTC 2025
Changes made at Wed Nov 19 22:14:14 UTC 2025
Changes made at Thu Nov 20 05:15:12 UTC 2025
Changes made at Thu Nov 20 09:16:39 UTC 2025
Changes made at Thu Nov 20 20:17:35 UTC 2025
Changes made at Thu Nov 20 22:14:24 UTC 2025
Changes made at Fri Nov 21 05:15:50 UTC 2025
Changes made at Fri Nov 21 09:16:20 UTC 2025
Changes made at Fri Nov 21 20:17:14 UTC 2025
Changes made at Fri Nov 21 22:14:38 UTC 2025
Changes made at Sat Nov 22 05:13:55 UTC 2025
Changes made at Sat Nov 22 09:14:13 UTC 2025
Changes made at Sat Nov 22 20:15:43 UTC 2025
Changes made at Sat Nov 22 22:13:26 UTC 2025
Changes made at Sun Nov 23 05:14:08 UTC 2025
Changes made at Sun Nov 23 09:14:18 UTC 2025
Changes made at Sun Nov 23 20:16:19 UTC 2025
Changes made at Sun Nov 23 22:13:42 UTC 2025
Changes made at Mon Nov 24 05:16:37 UTC 2025
Changes made at Mon Nov 24 09:19:04 UTC 2025
Changes made at Mon Nov 24 20:17:42 UTC 2025
Changes made at Mon Nov 24 22:14:08 UTC 2025
Changes made at Tue Nov 25 05:15:58 UTC 2025
Changes made at Tue Nov 25 09:18:24 UTC 2025
Changes made at Tue Nov 25 20:17:12 UTC 2025
Changes made at Tue Nov 25 22:15:02 UTC 2025
Changes made at Wed Nov 26 05:15:27 UTC 2025
Changes made at Wed Nov 26 09:18:02 UTC 2025
Changes made at Wed Nov 26 20:17:11 UTC 2025
Changes made at Wed Nov 26 22:14:41 UTC 2025
Changes made at Thu Nov 27 05:16:09 UTC 2025
Changes made at Thu Nov 27 09:17:22 UTC 2025
Changes made at Thu Nov 27 20:15:07 UTC 2025
Changes made at Thu Nov 27 22:14:14 UTC 2025
Changes made at Fri Nov 28 05:16:13 UTC 2025
Changes made at Fri Nov 28 09:16:27 UTC 2025
Changes made at Fri Nov 28 20:16:22 UTC 2025
Changes made at Fri Nov 28 22:13:47 UTC 2025
Changes made at Sat Nov 29 05:14:47 UTC 2025
Changes made at Sat Nov 29 09:14:51 UTC 2025
Changes made at Sat Nov 29 20:16:01 UTC 2025
Changes made at Sat Nov 29 22:13:39 UTC 2025
Changes made at Sun Nov 30 05:15:10 UTC 2025
Changes made at Sun Nov 30 09:14:11 UTC 2025
Changes made at Sun Nov 30 20:16:32 UTC 2025
Changes made at Sun Nov 30 22:13:44 UTC 2025
Changes made at Mon Dec  1 05:23:52 UTC 2025
Changes made at Mon Dec  1 09:22:23 UTC 2025
Changes made at Mon Dec  1 20:16:07 UTC 2025
Changes made at Mon Dec  1 22:13:32 UTC 2025
Changes made at Tue Dec  2 05:15:44 UTC 2025
Changes made at Tue Dec  2 09:21:03 UTC 2025
Changes made at Tue Dec  2 20:19:00 UTC 2025
Changes made at Tue Dec  2 22:13:57 UTC 2025
Changes made at Wed Dec  3 05:15:28 UTC 2025
Changes made at Wed Dec  3 09:19:45 UTC 2025
Changes made at Wed Dec  3 20:18:29 UTC 2025
Changes made at Wed Dec  3 22:15:40 UTC 2025
Changes made at Thu Dec  4 05:15:52 UTC 2025
Changes made at Thu Dec  4 09:19:23 UTC 2025
Changes made at Thu Dec  4 20:17:51 UTC 2025
Changes made at Thu Dec  4 22:13:09 UTC 2025
Changes made at Fri Dec  5 05:15:36 UTC 2025
Changes made at Fri Dec  5 09:16:58 UTC 2025
Changes made at Fri Dec  5 20:17:29 UTC 2025
Changes made at Fri Dec  5 22:14:46 UTC 2025
Changes made at Sat Dec  6 05:14:41 UTC 2025
Changes made at Sat Dec  6 09:14:35 UTC 2025
Changes made at Sat Dec  6 20:15:55 UTC 2025
Changes made at Sat Dec  6 22:14:03 UTC 2025
Changes made at Sun Dec  7 05:13:55 UTC 2025
Changes made at Sun Dec  7 09:14:43 UTC 2025
Changes made at Sun Dec  7 20:15:53 UTC 2025
Changes made at Sun Dec  7 22:13:42 UTC 2025
Changes made at Mon Dec  8 05:17:55 UTC 2025
Changes made at Mon Dec  8 09:22:51 UTC 2025
Changes made at Mon Dec  8 20:17:44 UTC 2025
Changes made at Mon Dec  8 22:14:59 UTC 2025
Changes made at Tue Dec  9 05:15:33 UTC 2025
Changes made at Tue Dec  9 09:19:14 UTC 2025
Changes made at Tue Dec  9 20:16:05 UTC 2025
Changes made at Tue Dec  9 22:15:57 UTC 2025
Changes made at Wed Dec 10 05:16:56 UTC 2025
Changes made at Wed Dec 10 09:19:30 UTC 2025
Changes made at Wed Dec 10 20:18:30 UTC 2025
Changes made at Wed Dec 10 22:16:16 UTC 2025
Changes made at Thu Dec 11 05:18:35 UTC 2025
Changes made at Thu Dec 11 09:21:05 UTC 2025
Changes made at Thu Dec 11 20:18:52 UTC 2025
Changes made at Thu Dec 11 22:15:34 UTC 2025
Changes made at Fri Dec 12 05:16:58 UTC 2025
Changes made at Fri Dec 12 09:20:12 UTC 2025
Changes made at Fri Dec 12 20:17:18 UTC 2025
Changes made at Fri Dec 12 22:15:12 UTC 2025
Changes made at Sat Dec 13 05:15:38 UTC 2025
Changes made at Sat Dec 13 09:14:38 UTC 2025
Changes made at Sat Dec 13 20:15:45 UTC 2025
Changes made at Sat Dec 13 22:13:40 UTC 2025
Changes made at Sun Dec 14 05:15:43 UTC 2025
Changes made at Sun Dec 14 09:14:59 UTC 2025
Changes made at Sun Dec 14 20:16:22 UTC 2025
Changes made at Sun Dec 14 22:14:05 UTC 2025
Changes made at Mon Dec 15 05:20:58 UTC 2025
Changes made at Mon Dec 15 09:26:41 UTC 2025
Changes made at Mon Dec 15 20:18:09 UTC 2025
Changes made at Mon Dec 15 22:15:48 UTC 2025
Changes made at Tue Dec 16 05:18:20 UTC 2025
Changes made at Tue Dec 16 09:21:51 UTC 2025
Changes made at Tue Dec 16 20:18:38 UTC 2025
Changes made at Tue Dec 16 22:15:50 UTC 2025
Changes made at Wed Dec 17 05:17:57 UTC 2025
Changes made at Wed Dec 17 09:22:56 UTC 2025
Changes made at Wed Dec 17 20:18:16 UTC 2025
Changes made at Wed Dec 17 22:15:20 UTC 2025
Changes made at Thu Dec 18 05:18:02 UTC 2025
Changes made at Thu Dec 18 09:21:30 UTC 2025
Changes made at Thu Dec 18 20:16:01 UTC 2025
Changes made at Thu Dec 18 22:15:12 UTC 2025
Changes made at Fri Dec 19 05:17:20 UTC 2025
Changes made at Fri Dec 19 09:19:11 UTC 2025
Changes made at Fri Dec 19 20:17:12 UTC 2025
Changes made at Fri Dec 19 22:15:32 UTC 2025
Changes made at Sat Dec 20 05:15:26 UTC 2025
Changes made at Sat Dec 20 09:14:54 UTC 2025
Changes made at Sat Dec 20 20:15:51 UTC 2025
Changes made at Sat Dec 20 22:14:00 UTC 2025
Changes made at Sun Dec 21 05:16:02 UTC 2025
Changes made at Sun Dec 21 09:15:13 UTC 2025
Changes made at Sun Dec 21 20:16:34 UTC 2025
Changes made at Sun Dec 21 22:14:39 UTC 2025
Changes made at Mon Dec 22 05:20:14 UTC 2025
Changes made at Mon Dec 22 09:23:22 UTC 2025
Changes made at Mon Dec 22 20:17:17 UTC 2025
Changes made at Mon Dec 22 22:16:05 UTC 2025
Changes made at Tue Dec 23 05:19:56 UTC 2025
Changes made at Tue Dec 23 09:20:27 UTC 2025
Changes made at Tue Dec 23 20:17:23 UTC 2025
Changes made at Tue Dec 23 22:15:09 UTC 2025
Changes made at Wed Dec 24 05:19:31 UTC 2025
Changes made at Wed Dec 24 09:20:00 UTC 2025
Changes made at Wed Dec 24 20:16:57 UTC 2025
Changes made at Wed Dec 24 22:15:31 UTC 2025
Changes made at Thu Dec 25 05:19:47 UTC 2025
Changes made at Thu Dec 25 09:18:19 UTC 2025
Changes made at Thu Dec 25 20:17:24 UTC 2025
Changes made at Thu Dec 25 22:15:07 UTC 2025
Changes made at Fri Dec 26 05:17:40 UTC 2025
Changes made at Fri Dec 26 09:17:46 UTC 2025
Changes made at Fri Dec 26 20:16:30 UTC 2025
Changes made at Fri Dec 26 22:15:14 UTC 2025
Changes made at Sat Dec 27 05:17:04 UTC 2025
Changes made at Sat Dec 27 09:15:33 UTC 2025
Changes made at Sat Dec 27 20:17:07 UTC 2025
Changes made at Sat Dec 27 22:14:44 UTC 2025
Changes made at Sun Dec 28 05:19:29 UTC 2025
Changes made at Sun Dec 28 09:15:24 UTC 2025
Changes made at Sun Dec 28 20:17:18 UTC 2025
Changes made at Sun Dec 28 22:15:03 UTC 2025
Changes made at Mon Dec 29 05:24:34 UTC 2025
Changes made at Mon Dec 29 09:25:08 UTC 2025
Changes made at Mon Dec 29 20:18:13 UTC 2025
Changes made at Mon Dec 29 22:15:12 UTC 2025
Changes made at Tue Dec 30 05:19:47 UTC 2025
Changes made at Tue Dec 30 09:20:25 UTC 2025
Changes made at Tue Dec 30 20:17:42 UTC 2025
Changes made at Tue Dec 30 22:15:01 UTC 2025
Changes made at Wed Dec 31 05:22:40 UTC 2025
Changes made at Wed Dec 31 09:19:31 UTC 2025
Changes made at Wed Dec 31 20:16:51 UTC 2025
Changes made at Wed Dec 31 22:15:50 UTC 2025
Changes made at Thu Jan  1 05:23:12 UTC 2026
Changes made at Thu Jan  1 09:19:41 UTC 2026
Changes made at Thu Jan  1 20:18:10 UTC 2026
Changes made at Thu Jan  1 22:15:06 UTC 2026
Changes made at Fri Jan  2 05:20:45 UTC 2026
Changes made at Fri Jan  2 09:19:45 UTC 2026
Changes made at Fri Jan  2 20:17:22 UTC 2026
Changes made at Fri Jan  2 22:15:49 UTC 2026
Changes made at Sat Jan  3 05:16:48 UTC 2026
Changes made at Sat Jan  3 09:15:49 UTC 2026
Changes made at Sat Jan  3 20:17:07 UTC 2026
Changes made at Sat Jan  3 22:14:44 UTC 2026
Changes made at Sun Jan  4 05:21:41 UTC 2026
Changes made at Sun Jan  4 09:15:05 UTC 2026
Changes made at Sun Jan  4 20:17:26 UTC 2026
Changes made at Sun Jan  4 22:15:11 UTC 2026
Changes made at Mon Jan  5 05:31:36 UTC 2026
Changes made at Mon Jan  5 09:26:53 UTC 2026
Changes made at Mon Jan  5 20:19:47 UTC 2026
Changes made at Mon Jan  5 22:16:18 UTC 2026
Changes made at Tue Jan  6 05:20:35 UTC 2026
Changes made at Tue Jan  6 09:21:33 UTC 2026
Changes made at Tue Jan  6 20:18:19 UTC 2026
Changes made at Tue Jan  6 22:16:29 UTC 2026
Changes made at Wed Jan  7 05:21:12 UTC 2026
Changes made at Wed Jan  7 09:23:42 UTC 2026
Changes made at Wed Jan  7 20:19:10 UTC 2026
Changes made at Wed Jan  7 22:15:58 UTC 2026
Changes made at Thu Jan  8 05:20:22 UTC 2026
Changes made at Thu Jan  8 09:23:41 UTC 2026
Changes made at Thu Jan  8 20:19:11 UTC 2026
Changes made at Thu Jan  8 22:16:29 UTC 2026
Changes made at Fri Jan  9 05:20:48 UTC 2026
Changes made at Fri Jan  9 09:22:59 UTC 2026
Changes made at Fri Jan  9 20:18:59 UTC 2026
Changes made at Fri Jan  9 22:16:05 UTC 2026
Changes made at Sat Jan 10 05:17:07 UTC 2026
Changes made at Sat Jan 10 09:15:31 UTC 2026
Changes made at Sat Jan 10 20:16:53 UTC 2026
Changes made at Sat Jan 10 22:14:59 UTC 2026
Changes made at Sun Jan 11 05:21:05 UTC 2026
Changes made at Sun Jan 11 09:15:56 UTC 2026
Changes made at Sun Jan 11 20:17:33 UTC 2026
Changes made at Sun Jan 11 22:14:47 UTC 2026
Changes made at Mon Jan 12 05:25:41 UTC 2026
Changes made at Mon Jan 12 09:27:24 UTC 2026
Changes made at Mon Jan 12 20:19:30 UTC 2026
Changes made at Mon Jan 12 22:14:39 UTC 2026
Changes made at Tue Jan 13 05:21:21 UTC 2026
Changes made at Tue Jan 13 09:23:39 UTC 2026
Changes made at Tue Jan 13 20:19:02 UTC 2026
Changes made at Tue Jan 13 22:17:12 UTC 2026
Changes made at Wed Jan 14 05:19:51 UTC 2026
Changes made at Wed Jan 14 09:24:30 UTC 2026
Changes made at Wed Jan 14 20:16:32 UTC 2026
Changes made at Wed Jan 14 22:17:24 UTC 2026
Changes made at Thu Jan 15 05:22:03 UTC 2026
Changes made at Thu Jan 15 09:23:23 UTC 2026
Changes made at Thu Jan 15 20:19:10 UTC 2026
Changes made at Thu Jan 15 22:17:03 UTC 2026
Changes made at Fri Jan 16 05:21:11 UTC 2026
Changes made at Fri Jan 16 09:21:35 UTC 2026
Changes made at Fri Jan 16 20:17:26 UTC 2026
Changes made at Fri Jan 16 22:16:17 UTC 2026
Changes made at Sat Jan 17 05:16:21 UTC 2026
Changes made at Sat Jan 17 09:15:38 UTC 2026
Changes made at Sat Jan 17 20:16:33 UTC 2026
Changes made at Sat Jan 17 22:14:57 UTC 2026
Changes made at Sun Jan 18 05:19:42 UTC 2026
Changes made at Sun Jan 18 09:16:04 UTC 2026
Changes made at Sun Jan 18 20:17:33 UTC 2026
Changes made at Sun Jan 18 22:14:49 UTC 2026
Changes made at Mon Jan 19 05:27:29 UTC 2026
Changes made at Mon Jan 19 09:29:41 UTC 2026
Changes made at Mon Jan 19 20:18:35 UTC 2026
Changes made at Mon Jan 19 22:16:43 UTC 2026
Changes made at Tue Jan 20 05:24:31 UTC 2026
Changes made at Tue Jan 20 09:28:25 UTC 2026
Changes made at Tue Jan 20 20:39:51 UTC 2026
Changes made at Tue Jan 20 22:18:37 UTC 2026
Changes made at Wed Jan 21 05:24:36 UTC 2026
Changes made at Wed Jan 21 09:27:49 UTC 2026
Changes made at Wed Jan 21 20:24:57 UTC 2026
Changes made at Wed Jan 21 22:19:18 UTC 2026
Changes made at Thu Jan 22 05:23:56 UTC 2026
Changes made at Thu Jan 22 09:27:52 UTC 2026
Changes made at Thu Jan 22 20:20:17 UTC 2026
Changes made at Thu Jan 22 22:17:45 UTC 2026
Changes made at Fri Jan 23 05:23:11 UTC 2026
Changes made at Fri Jan 23 09:25:16 UTC 2026
Changes made at Fri Jan 23 20:19:40 UTC 2026
Changes made at Fri Jan 23 22:13:51 UTC 2026
Changes made at Sat Jan 24 05:17:32 UTC 2026
Changes made at Sat Jan 24 09:16:06 UTC 2026
Changes made at Sat Jan 24 20:16:33 UTC 2026
Changes made at Sat Jan 24 22:15:28 UTC 2026
Changes made at Sun Jan 25 05:24:13 UTC 2026
Changes made at Sun Jan 25 09:16:51 UTC 2026
Changes made at Sun Jan 25 20:18:20 UTC 2026
Changes made at Sun Jan 25 22:15:49 UTC 2026
Changes made at Mon Jan 26 05:29:17 UTC 2026
Changes made at Mon Jan 26 09:29:18 UTC 2026
Changes made at Mon Jan 26 20:20:44 UTC 2026
Changes made at Mon Jan 26 22:16:59 UTC 2026
Changes made at Tue Jan 27 05:22:32 UTC 2026
Changes made at Tue Jan 27 09:27:46 UTC 2026
Changes made at Tue Jan 27 20:17:48 UTC 2026
Changes made at Tue Jan 27 22:18:11 UTC 2026
Changes made at Wed Jan 28 05:23:34 UTC 2026
Changes made at Wed Jan 28 09:29:30 UTC 2026
Changes made at Wed Jan 28 20:23:57 UTC 2026
Changes made at Wed Jan 28 22:21:19 UTC 2026
Changes made at Thu Jan 29 05:38:50 UTC 2026
Changes made at Thu Jan 29 09:36:44 UTC 2026
Changes made at Thu Jan 29 20:23:56 UTC 2026
Changes made at Thu Jan 29 22:22:09 UTC 2026
Changes made at Fri Jan 30 05:41:32 UTC 2026
Changes made at Fri Jan 30 09:33:36 UTC 2026
Changes made at Fri Jan 30 20:22:48 UTC 2026
Changes made at Fri Jan 30 22:19:27 UTC 2026
Changes made at Sat Jan 31 05:34:30 UTC 2026
Changes made at Sat Jan 31 09:23:03 UTC 2026
Changes made at Sat Jan 31 20:19:23 UTC 2026
Changes made at Sat Jan 31 22:17:29 UTC 2026
Changes made at Sun Feb  1 05:56:25 UTC 2026
Changes made at Sun Feb  1 09:25:27 UTC 2026
Changes made at Sun Feb  1 20:20:01 UTC 2026
Changes made at Sun Feb  1 22:18:34 UTC 2026
Changes made at Mon Feb  2 05:59:30 UTC 2026
Changes made at Mon Feb  2 09:40:55 UTC 2026
Changes made at Tue Feb  3 05:45:43 UTC 2026
Changes made at Tue Feb  3 09:34:53 UTC 2026
Changes made at Tue Feb  3 20:29:52 UTC 2026
Changes made at Tue Feb  3 22:24:11 UTC 2026
Changes made at Wed Feb  4 05:43:33 UTC 2026
Changes made at Wed Feb  4 09:37:27 UTC 2026
Changes made at Wed Feb  4 09:40:28 UTC 2026
Changes made at Wed Feb  4 20:28:12 UTC 2026
Changes made at Wed Feb  4 22:21:02 UTC 2026
Changes made at Thu Feb  5 05:51:49 UTC 2026
